filename,width,height,class,xmin,ymin,xmax,ymax
image134.jpg,300,300,3dpunderextrusion,94,240,158,297
image134.jpg,300,300,3dpunderextrusion,58,91,92,116
image134.jpg,300,300,3dpunderextrusion,80,125,126,162
image134.jpg,300,300,3dpunderextrusion,235,190,265,240
image134.jpg,300,300,3dpunderextrusion,14,41,51,69
image134.jpg,300,300,3dpunderextrusion,46,239,86,266
image134.jpg,300,300,3dpstringing,233,247,261,272
image134.jpg,300,300,3dpstringing,159,247,187,258
image134.jpg,300,300,3dpstringing,80,274,106,288
image134.jpg,300,300,3dpstringing,39,205,83,242
image134.jpg,300,300,3dpstringing,109,195,152,238
image134.jpg,300,300,3dpstringing,179,197,234,238
image134.jpg,300,300,3dpstringing,264,187,300,219
image134.jpg,300,300,3dpstringing,276,151,299,167
image134.jpg,300,300,3dpstringing,220,143,273,179
image134.jpg,300,300,3dpstringing,269,82,297,95
image134.jpg,300,300,3dpstringing,57,65,109,78
image134.jpg,300,300,3dpstringing,91,107,143,128
image134.jpg,300,300,3dpstringing,182,84,216,100
image134.jpg,300,300,3dpstringing,142,45,190,71
image134.jpg,300,300,3dpstringing,4,61,34,81
image120.jpg,300,300,3dpunderextrusion,97,172,134,197
image120.jpg,300,300,3dpunderextrusion,235,131,281,166
image120.jpg,300,300,3dpstringing,140,240,161,261
image120.jpg,300,300,3dpstringing,188,164,208,182
image120.jpg,300,300,3dpstringing,211,179,240,201
image120.jpg,300,300,3dpstringing,174,234,220,253
image120.jpg,300,300,3dpstringing,150,190,183,220
image120.jpg,300,300,3dpstringing,58,205,96,235
image120.jpg,300,300,3dpstringing,37,83,88,123
image120.jpg,300,300,3dpstringing,103,153,136,166
image120.jpg,300,300,3dpstringing,136,114,149,121
image120.jpg,300,300,3dpstringing,164,104,190,126
image120.jpg,300,300,3dpstringing,194,121,228,147
image120.jpg,300,300,3dpstringing,191,62,239,88
image120.jpg,300,300,3dpstringing,64,50,122,62
image120.jpg,300,300,3dpstringing,61,29,111,42
image120.jpg,300,300,3dpstringing,218,5,264,36
image108.jpg,300,300,3dpunderextrusion,48,274,85,298
image108.jpg,300,300,3dpunderextrusion,71,108,99,130
image108.jpg,300,300,3dpunderextrusion,150,10,185,37
image108.jpg,300,300,3dpunderextrusion,159,115,187,134
image108.jpg,300,300,3dpunderextrusion,130,272,162,293
image108.jpg,300,300,3dpunderextrusion,259,232,299,280
image108.jpg,300,300,3dpunderextrusion,242,205,298,227
image108.jpg,300,300,3dpunderextrusion,257,105,296,164
image108.jpg,300,300,3dpunderextrusion,83,222,127,248
image108.jpg,300,300,3dpstringing,220,227,257,270
image108.jpg,300,300,3dpstringing,140,244,184,269
image108.jpg,300,300,3dpstringing,77,248,110,278
image108.jpg,300,300,3dpstringing,1,250,41,276
image108.jpg,300,300,3dpstringing,93,187,146,213
image108.jpg,300,300,3dpstringing,203,117,253,156
image108.jpg,300,300,3dpstringing,34,88,53,132
image108.jpg,300,300,3dpstringing,145,29,173,56
image108.jpg,300,300,3dpstringing,203,20,240,64
image109.jpg,300,300,3dpunderextrusion,285,237,300,258
image109.jpg,300,300,3dpunderextrusion,239,98,297,149
image109.jpg,300,300,3dpunderextrusion,249,218,279,245
image109.jpg,300,300,3dpunderextrusion,231,187,272,212
image109.jpg,300,300,3dpunderextrusion,72,206,125,237
image109.jpg,300,300,3dpstringing,187,2,231,39
image109.jpg,300,300,3dpstringing,243,75,262,92
image109.jpg,300,300,3dpstringing,232,36,255,54
image109.jpg,300,300,3dpstringing,184,100,235,145
image109.jpg,300,300,3dpstringing,232,151,260,186
image109.jpg,300,300,3dpstringing,229,210,252,239
image109.jpg,300,300,3dpstringing,137,220,174,252
image109.jpg,300,300,3dpstringing,51,245,86,258
image109.jpg,300,300,3dpstringing,7,235,32,254
image109.jpg,300,300,3dpstringing,79,176,138,191
image121.jpg,300,300,3dpunderextrusion,224,180,264,227
image121.jpg,300,300,3dpunderextrusion,5,40,37,73
image121.jpg,300,300,3dpstringing,126,158,175,186
image121.jpg,300,300,3dpstringing,244,87,290,112
image121.jpg,300,300,3dpstringing,219,140,261,164
image121.jpg,300,300,3dpstringing,158,246,187,270
image121.jpg,300,300,3dpstringing,172,205,227,236
image121.jpg,300,300,3dpstringing,100,191,150,240
image121.jpg,300,300,3dpstringing,20,223,65,245
image121.jpg,300,300,3dpstringing,45,155,62,179
image121.jpg,300,300,3dpstringing,4,107,58,136
image121.jpg,300,300,3dpstringing,89,96,131,142
image121.jpg,300,300,3dpstringing,123,63,155,74
image121.jpg,300,300,3dpstringing,127,37,170,53
image135.jpg,300,300,3dpunderextrusion,77,89,112,141
image135.jpg,300,300,3dpunderextrusion,120,247,168,283
image135.jpg,300,300,3dpunderextrusion,250,186,281,239
image135.jpg,300,300,3dpunderextrusion,58,245,99,268
image135.jpg,300,300,3dpunderextrusion,24,38,66,64
image135.jpg,300,300,3dpunderextrusion,176,201,191,241
image135.jpg,300,300,3dpstringing,185,249,194,258
image135.jpg,300,300,3dpstringing,199,255,203,262
image135.jpg,300,300,3dpstringing,255,246,265,259
image135.jpg,300,300,3dpstringing,234,260,244,275
image135.jpg,300,300,3dpstringing,39,219,54,231
image135.jpg,300,300,3dpstringing,88,274,111,291
image135.jpg,300,300,3dpstringing,284,188,299,208
image135.jpg,300,300,3dpstringing,154,150,194,178
image135.jpg,300,300,3dpstringing,6,152,46,171
image135.jpg,300,300,3dpstringing,52,203,96,246
image135.jpg,300,300,3dpstringing,116,194,176,242
image135.jpg,300,300,3dpstringing,194,195,245,240
image135.jpg,300,300,3dpstringing,235,138,285,170
image135.jpg,300,300,3dpstringing,116,105,165,136
image135.jpg,300,300,3dpstringing,205,83,230,99
image135.jpg,300,300,3dpstringing,81,66,121,80
image135.jpg,300,300,3dpstringing,8,59,51,74
image135.jpg,300,300,3dpstringing,151,41,202,70
image123.jpg,300,300,3dpunderextrusion,187,184,229,212
image123.jpg,300,300,3dpunderextrusion,194,117,228,134
image123.jpg,300,300,3dpunderextrusion,17,84,46,113
image123.jpg,300,300,3dpstringing,207,241,236,252
image123.jpg,300,300,3dpstringing,130,251,145,263
image123.jpg,300,300,3dpstringing,1,235,28,259
image123.jpg,300,300,3dpstringing,71,221,114,241
image123.jpg,300,300,3dpstringing,111,172,150,181
image123.jpg,300,300,3dpstringing,143,213,163,229
image123.jpg,300,300,3dpstringing,160,185,179,197
image123.jpg,300,300,3dpstringing,193,230,213,238
image123.jpg,300,300,3dpstringing,180,206,205,226
image123.jpg,300,300,3dpstringing,225,207,254,236
image123.jpg,300,300,3dpstringing,207,173,238,202
image123.jpg,300,300,3dpstringing,253,169,277,188
image123.jpg,300,300,3dpstringing,271,139,279,153
image123.jpg,300,300,3dpstringing,222,151,247,168
image123.jpg,300,300,3dpstringing,181,150,212,164
image123.jpg,300,300,3dpstringing,95,157,109,177
image123.jpg,300,300,3dpstringing,19,153,56,172
image123.jpg,300,300,3dpstringing,10,109,31,118
image123.jpg,300,300,3dpstringing,52,93,103,126
image123.jpg,300,300,3dpstringing,146,119,179,141
image123.jpg,300,300,3dpstringing,218,89,274,119
image123.jpg,300,300,3dpstringing,254,32,299,60
image123.jpg,300,300,3dpstringing,92,61,146,75
image123.jpg,300,300,3dpstringing,93,39,145,53
image137.jpg,300,300,3dpunderextrusion,54,123,102,163
image137.jpg,300,300,3dpunderextrusion,211,197,245,245
image137.jpg,300,300,3dpunderextrusion,3,44,33,67
image137.jpg,300,300,3dpunderextrusion,246,70,295,91
image137.jpg,300,300,3dpunderextrusion,31,242,64,270
image137.jpg,300,300,3dpstringing,158,257,168,269
image137.jpg,300,300,3dpstringing,281,246,300,266
image137.jpg,300,300,3dpstringing,204,248,236,263
image137.jpg,300,300,3dpstringing,61,273,91,291
image137.jpg,300,300,3dpstringing,124,150,156,162
image137.jpg,300,300,3dpstringing,1,155,20,166
image137.jpg,300,300,3dpstringing,25,208,58,239
image137.jpg,300,300,3dpstringing,90,218,135,236
image137.jpg,300,300,3dpstringing,158,202,210,240
image137.jpg,300,300,3dpstringing,249,196,295,215
image137.jpg,300,300,3dpstringing,276,153,291,185
image137.jpg,300,300,3dpstringing,190,140,249,195
image137.jpg,300,300,3dpstringing,254,108,283,128
image137.jpg,300,300,3dpstringing,160,81,193,99
image137.jpg,300,300,3dpstringing,63,106,101,128
image137.jpg,300,300,3dpstringing,1,67,18,77
image137.jpg,300,300,3dpstringing,40,67,78,76
image137.jpg,300,300,3dpstringing,248,80,278,96
image137.jpg,300,300,3dpstringing,111,46,163,68
image136.jpg,300,300,3dpunderextrusion,53,85,102,140
image136.jpg,300,300,3dpunderextrusion,235,191,265,244
image136.jpg,300,300,3dpunderextrusion,160,203,174,241
image136.jpg,300,300,3dpunderextrusion,42,243,81,269
image136.jpg,300,300,3dpunderextrusion,13,38,46,68
image136.jpg,300,300,3dpstringing,154,165,197,180
image136.jpg,300,300,3dpstringing,82,186,95,197
image136.jpg,300,300,3dpstringing,237,249,262,265
image136.jpg,300,300,3dpstringing,66,275,103,292
image136.jpg,300,300,3dpstringing,36,206,82,241
image136.jpg,300,300,3dpstringing,101,194,158,237
image136.jpg,300,300,3dpstringing,178,192,234,244
image136.jpg,300,300,3dpstringing,264,192,298,215
image136.jpg,300,300,3dpstringing,275,154,300,173
image136.jpg,300,300,3dpstringing,214,143,273,186
image136.jpg,300,300,3dpstringing,275,79,294,98
image136.jpg,300,300,3dpstringing,186,82,210,98
image136.jpg,300,300,3dpstringing,96,107,148,135
image136.jpg,300,300,3dpstringing,2,154,28,171
image136.jpg,300,300,3dpstringing,1,61,31,78
image136.jpg,300,300,3dpstringing,48,59,105,78
image136.jpg,300,300,3dpstringing,137,40,187,69
image122.jpg,300,300,3dpunderextrusion,13,37,46,69
image122.jpg,300,300,3dpunderextrusion,237,180,283,236
image122.jpg,300,300,3dpstringing,159,247,201,267
image122.jpg,300,300,3dpstringing,36,221,86,243
image122.jpg,300,300,3dpstringing,106,216,169,237
image122.jpg,300,300,3dpstringing,187,210,225,234
image122.jpg,300,300,3dpstringing,199,185,229,204
image122.jpg,300,300,3dpstringing,223,139,287,171
image122.jpg,300,300,3dpstringing,184,95,229,119
image122.jpg,300,300,3dpstringing,253,85,298,115
image122.jpg,300,300,3dpstringing,92,53,105,75
image122.jpg,300,300,3dpstringing,18,106,74,135
image122.jpg,300,300,3dpstringing,103,95,147,139
image122.jpg,300,300,3dpstringing,134,58,190,73
image122.jpg,300,300,3dpstringing,141,35,185,50
image126.jpg,300,300,3dpunderextrusion,250,93,299,147
image126.jpg,300,300,3dpunderextrusion,143,248,176,268
image126.jpg,300,300,3dpunderextrusion,243,182,291,221
image126.jpg,300,300,3dpunderextrusion,153,178,199,213
image126.jpg,300,300,3dpunderextrusion,29,26,65,60
image126.jpg,300,300,3dpstringing,100,249,124,259
image126.jpg,300,300,3dpstringing,62,223,93,249
image126.jpg,300,300,3dpstringing,129,214,168,242
image126.jpg,300,300,3dpstringing,244,263,284,285
image126.jpg,300,300,3dpstringing,263,190,291,218
image126.jpg,300,300,3dpstringing,262,145,298,171
image126.jpg,300,300,3dpstringing,224,185,235,193
image126.jpg,300,300,3dpstringing,217,205,251,235
image126.jpg,300,300,3dpstringing,161,138,188,169
image126.jpg,300,300,3dpstringing,37,157,54,176
image126.jpg,300,300,3dpstringing,74,148,99,174
image126.jpg,300,300,3dpstringing,35,93,88,136
image126.jpg,300,300,3dpstringing,118,84,165,117
image126.jpg,300,300,3dpstringing,115,53,133,68
image126.jpg,300,300,3dpstringing,154,58,210,70
image126.jpg,300,300,3dpstringing,164,36,204,45
image132.jpg,300,300,3dpunderextrusion,38,242,76,267
image132.jpg,300,300,3dpunderextrusion,103,241,142,271
image132.jpg,300,300,3dpunderextrusion,70,195,96,213
image132.jpg,300,300,3dpunderextrusion,76,123,123,159
image132.jpg,300,300,3dpunderextrusion,47,85,89,115
image132.jpg,300,300,3dpstringing,4,154,38,168
image132.jpg,300,300,3dpstringing,232,245,253,270
image132.jpg,300,300,3dpstringing,49,226,78,244
image132.jpg,300,300,3dpstringing,40,205,77,214
image132.jpg,300,300,3dpstringing,157,148,179,158
image132.jpg,300,300,3dpstringing,142,164,187,175
image132.jpg,300,300,3dpstringing,107,198,155,235
image132.jpg,300,300,3dpstringing,178,193,233,231
image132.jpg,300,300,3dpstringing,259,192,297,207
image132.jpg,300,300,3dpstringing,223,142,265,189
image132.jpg,300,300,3dpstringing,274,81,295,93
image132.jpg,300,300,3dpstringing,189,86,214,96
image132.jpg,300,300,3dpstringing,78,87,91,99
image132.jpg,300,300,3dpstringing,96,108,144,128
image132.jpg,300,300,3dpstringing,4,59,36,77
image132.jpg,300,300,3dpstringing,61,64,108,78
image132.jpg,300,300,3dpstringing,131,56,189,69
image132.jpg,300,300,3dpstringing,140,43,175,51
image133.jpg,300,300,3dpunderextrusion,258,194,289,240
image133.jpg,300,300,3dpunderextrusion,57,242,101,267
image133.jpg,300,300,3dpunderextrusion,34,40,77,71
image133.jpg,300,300,3dpstringing,93,273,117,288
image133.jpg,300,300,3dpstringing,178,246,209,264
image133.jpg,300,300,3dpstringing,200,192,251,231
image133.jpg,300,300,3dpstringing,123,195,174,245
image133.jpg,300,300,3dpstringing,62,205,93,244
image133.jpg,300,300,3dpstringing,13,153,56,169
image133.jpg,300,300,3dpstringing,243,140,290,171
image133.jpg,300,300,3dpstringing,203,84,232,99
image133.jpg,300,300,3dpstringing,110,104,167,129
image133.jpg,300,300,3dpstringing,19,60,55,78
image133.jpg,300,300,3dpstringing,84,63,131,80
image133.jpg,300,300,3dpstringing,148,43,211,69
image127.jpg,300,300,3dpunderextrusion,233,92,276,132
image127.jpg,300,300,3dpunderextrusion,151,189,195,212
image127.jpg,300,300,3dpunderextrusion,229,183,279,221
image127.jpg,300,300,3dpunderextrusion,5,27,44,60
image127.jpg,300,300,3dpstringing,156,252,193,268
image127.jpg,300,300,3dpstringing,30,226,73,255
image127.jpg,300,300,3dpstringing,126,216,168,242
image127.jpg,300,300,3dpstringing,145,160,197,196
image127.jpg,300,300,3dpstringing,207,182,224,196
image127.jpg,300,300,3dpstringing,188,208,210,229
image127.jpg,300,300,3dpstringing,219,201,243,238
image127.jpg,300,300,3dpstringing,252,189,276,224
image127.jpg,300,300,3dpstringing,232,141,292,180
image127.jpg,300,300,3dpstringing,267,70,299,111
image127.jpg,300,300,3dpstringing,194,115,222,137
image127.jpg,300,300,3dpstringing,18,105,72,136
image127.jpg,300,300,3dpstringing,118,128,136,138
image127.jpg,300,300,3dpstringing,98,101,124,122
image127.jpg,300,300,3dpstringing,113,92,167,108
image127.jpg,300,300,3dpstringing,95,52,112,70
image127.jpg,300,300,3dpstringing,138,58,200,69
image127.jpg,300,300,3dpstringing,147,35,198,49
image119.jpg,300,300,3dpunderextrusion,210,126,249,156
image119.jpg,300,300,3dpunderextrusion,245,168,283,195
image119.jpg,300,300,3dpunderextrusion,12,84,36,110
image119.jpg,300,300,3dpstringing,2,226,22,245
image119.jpg,300,300,3dpstringing,193,241,213,248
image119.jpg,300,300,3dpstringing,150,209,194,240
image119.jpg,300,300,3dpstringing,63,213,98,241
image119.jpg,300,300,3dpstringing,7,148,30,186
image119.jpg,300,300,3dpstringing,94,172,129,184
image119.jpg,300,300,3dpunderextrusion,172,185,211,208
image119.jpg,300,300,3dpstringing,207,205,238,229
image119.jpg,300,300,3dpstringing,200,147,229,171
image119.jpg,300,300,3dpstringing,173,126,203,143
image119.jpg,300,300,3dpstringing,206,87,257,120
image119.jpg,300,300,3dpstringing,134,115,156,136
image119.jpg,300,300,3dpstringing,43,106,76,123
image119.jpg,300,300,3dpstringing,46,94,97,106
image119.jpg,300,300,3dpstringing,84,63,132,77
image119.jpg,300,300,3dpstringing,84,40,131,52
image119.jpg,300,300,3dpstringing,235,36,282,65
image131.jpg,300,300,3dpunderextrusion,157,188,191,240
image131.jpg,300,300,3dpstringing,38,203,91,239
image131.jpg,300,300,3dpstringing,252,242,260,255
image131.jpg,300,300,3dpstringing,227,250,238,272
image131.jpg,300,300,3dpstringing,157,245,192,256
image131.jpg,300,300,3dpstringing,106,193,162,240
image131.jpg,300,300,3dpstringing,189,192,239,240
image131.jpg,300,300,3dpstringing,272,184,299,233
image131.jpg,300,300,3dpstringing,229,140,299,169
image131.jpg,300,300,3dpstringing,187,162,205,169
image131.jpg,300,300,3dpstringing,48,139,73,151
image131.jpg,300,300,3dpstringing,4,155,38,167
image131.jpg,300,300,3dpstringing,3,60,41,77
image131.jpg,300,300,3dpstringing,65,60,122,75
image131.jpg,300,300,3dpstringing,97,104,151,129
image131.jpg,300,300,3dpstringing,280,79,299,97
image131.jpg,300,300,3dpstringing,198,79,219,96
image131.jpg,300,300,3dpstringing,147,39,197,72
image125.jpg,300,300,3dpunderextrusion,162,75,207,111
image125.jpg,300,300,3dpunderextrusion,168,181,206,209
image125.jpg,300,300,3dpunderextrusion,34,26,69,58
image125.jpg,300,300,3dpunderextrusion,147,240,180,264
image125.jpg,300,300,3dpstringing,55,265,73,282
image125.jpg,300,300,3dpstringing,195,246,222,270
image125.jpg,300,300,3dpstringing,211,206,253,237
image125.jpg,300,300,3dpstringing,171,214,187,228
image125.jpg,300,300,3dpstringing,135,222,156,233
image125.jpg,300,300,3dpstringing,74,221,106,243
image125.jpg,300,300,3dpstringing,75,155,92,174
image125.jpg,300,300,3dpstringing,168,144,190,174
image125.jpg,300,300,3dpunderextrusion,254,184,296,221
image125.jpg,300,300,3dpstringing,269,129,299,173
image125.jpg,300,300,3dpstringing,280,96,299,110
image125.jpg,300,300,3dpstringing,207,92,223,109
image125.jpg,300,300,3dpstringing,126,95,177,137
image125.jpg,300,300,3dpstringing,41,98,99,136
image125.jpg,300,300,3dpstringing,123,44,137,72
image125.jpg,300,300,3dpstringing,168,58,214,69
image125.jpg,300,300,3dpstringing,165,35,211,47
image99.jpg,300,300,3dpunderextrusion,129,188,166,232
image99.jpg,300,300,3dpunderextrusion,47,183,85,213
image99.jpg,300,300,3dpunderextrusion,88,134,139,163
image99.jpg,300,300,3dpunderextrusion,219,111,258,156
image99.jpg,300,300,3dpunderextrusion,181,133,225,171
image99.jpg,300,300,3dpstringing,50,281,84,298
image99.jpg,300,300,3dpstringing,11,207,65,235
image99.jpg,300,300,3dpstringing,85,199,142,237
image99.jpg,300,300,3dpstringing,238,240,269,250
image99.jpg,300,300,3dpstringing,241,151,255,202
image99.jpg,300,300,3dpstringing,131,157,182,189
image99.jpg,300,300,3dpstringing,48,152,106,173
image99.jpg,300,300,3dpstringing,16,103,71,116
image99.jpg,300,300,3dpstringing,97,110,151,123
image99.jpg,300,300,3dpstringing,175,99,229,150
image99.jpg,300,300,3dpstringing,269,94,299,116
image99.jpg,300,300,3dpstringing,1,34,29,69
image99.jpg,300,300,3dpstringing,107,11,147,23
image99.jpg,300,300,3dpstringing,63,41,108,79
image99.jpg,300,300,3dpstringing,136,60,192,86
image99.jpg,300,300,3dpstringing,213,51,271,89
image99.jpg,300,300,3dpstringing,201,10,242,44
image99.jpg,300,300,3dpstringing,260,3,299,30
image98.jpg,300,300,3dpunderextrusion,4,203,30,262
image98.jpg,300,300,3dpunderextrusion,31,263,74,283
image98.jpg,300,300,3dpunderextrusion,189,159,226,196
image98.jpg,300,300,3dpunderextrusion,229,113,272,169
image98.jpg,300,300,3dpstringing,32,220,83,260
image98.jpg,300,300,3dpstringing,103,215,157,261
image98.jpg,300,300,3dpstringing,238,164,266,189
image98.jpg,300,300,3dpstringing,179,118,239,157
image98.jpg,300,300,3dpstringing,143,156,199,210
image98.jpg,300,300,3dpstringing,65,154,116,210
image98.jpg,300,300,3dpstringing,62,64,112,96
image98.jpg,300,300,3dpstringing,32,41,57,57
image98.jpg,300,300,3dpstringing,32,4,80,37
image98.jpg,300,300,3dpstringing,104,12,153,41
image98.jpg,300,300,3dpstringing,143,79,196,101
image98.jpg,300,300,3dpstringing,221,63,263,100
image98.jpg,300,300,3dpstringing,202,24,240,59
image98.jpg,300,300,3dpstringing,262,6,298,39
image124.jpg,300,300,3dpunderextrusion,25,84,61,108
image124.jpg,300,300,3dpunderextrusion,201,99,231,139
image124.jpg,300,300,3dpunderextrusion,122,188,164,218
image124.jpg,300,300,3dpstringing,7,270,24,285
image124.jpg,300,300,3dpstringing,44,201,60,209
image124.jpg,300,300,3dpstringing,1,223,49,251
image124.jpg,300,300,3dpstringing,100,193,114,201
image124.jpg,300,300,3dpstringing,81,213,117,243
image124.jpg,300,300,3dpstringing,172,184,192,196
image124.jpg,300,300,3dpstringing,174,204,208,240
image124.jpg,300,300,3dpstringing,268,172,283,188
image124.jpg,300,300,3dpstringing,235,205,256,224
image124.jpg,300,300,3dpstringing,213,178,230,203
image124.jpg,300,300,3dpstringing,29,150,48,183
image124.jpg,300,300,3dpstringing,122,142,144,167
image124.jpg,300,300,3dpstringing,220,142,256,170
image124.jpg,300,300,3dpstringing,233,89,288,117
image124.jpg,300,300,3dpstringing,152,117,174,127
image124.jpg,300,300,3dpstringing,61,53,78,75
image124.jpg,300,300,3dpstringing,1,106,48,136
image124.jpg,300,300,3dpstringing,64,92,121,123
image124.jpg,300,300,3dpstringing,98,57,161,72
image124.jpg,300,300,3dpstringing,111,40,153,50
image124.jpg,300,300,3dpstringing,268,34,297,58
image130.jpg,300,300,3dpunderextrusion,138,183,181,235
image130.jpg,300,300,3dpunderextrusion,57,111,94,135
image130.jpg,300,300,3dpstringing,63,280,94,294
image130.jpg,300,300,3dpstringing,179,245,194,275
image130.jpg,300,300,3dpstringing,218,248,233,272
image130.jpg,300,300,3dpstringing,19,205,66,246
image130.jpg,300,300,3dpstringing,93,186,138,233
image130.jpg,300,300,3dpstringing,177,180,232,220
image130.jpg,300,300,3dpstringing,238,209,269,221
image130.jpg,300,300,3dpstringing,273,158,299,185
image130.jpg,300,300,3dpstringing,268,107,289,145
image130.jpg,300,300,3dpstringing,215,116,263,152
image130.jpg,300,300,3dpstringing,129,150,166,168
image130.jpg,300,300,3dpstringing,20,131,35,144
image130.jpg,300,300,3dpstringing,25,44,64,59
image130.jpg,300,300,3dpstringing,75,87,125,110
image130.jpg,300,300,3dpstringing,251,72,300,91
image130.jpg,300,300,3dpstringing,116,14,173,46
image130.jpg,300,300,3dpstringing,175,55,201,76
image118.jpg,300,300,3dpunderextrusion,62,214,111,267
image118.jpg,300,300,3dpunderextrusion,222,212,244,237
image118.jpg,300,300,3dpunderextrusion,102,266,146,297
image118.jpg,300,300,3dpunderextrusion,285,12,298,49
image118.jpg,300,300,3dpunderextrusion,198,8,224,31
image118.jpg,300,300,3dpunderextrusion,41,16,74,41
image118.jpg,300,300,3dpunderextrusion,82,60,115,83
image118.jpg,300,300,3dpunderextrusion,94,163,124,183
image118.jpg,300,300,3dpunderextrusion,161,154,212,180
image118.jpg,300,300,3dpunderextrusion,143,215,180,235
image118.jpg,300,300,3dpunderextrusion,246,154,294,186
image118.jpg,300,300,3dpstringing,226,256,251,271
image118.jpg,300,300,3dpstringing,250,222,292,245
image118.jpg,300,300,3dpstringing,207,169,255,201
image118.jpg,300,300,3dpstringing,66,189,107,212
image118.jpg,300,300,3dpstringing,140,183,184,208
image118.jpg,300,300,3dpstringing,89,129,98,154
image118.jpg,300,300,3dpstringing,171,140,214,153
image118.jpg,300,300,3dpstringing,258,135,288,177
image118.jpg,300,300,3dpstringing,250,102,281,130
image118.jpg,300,300,3dpstringing,266,60,299,83
image118.jpg,300,300,3dpstringing,124,73,168,99
image118.jpg,300,300,3dpstringing,46,87,100,113
image118.jpg,300,300,3dpstringing,157,41,206,50
image118.jpg,300,300,3dpstringing,157,20,200,31
image157.jpg,300,300,3dpunderextrusion,222,250,256,281
image157.jpg,300,300,3dpunderextrusion,283,211,300,232
image157.jpg,300,300,3dpunderextrusion,194,198,236,227
image157.jpg,300,300,3dpstringing,63,213,84,226
image157.jpg,300,300,3dpstringing,112,233,129,244
image157.jpg,300,300,3dpstringing,77,174,113,189
image157.jpg,300,300,3dpstringing,144,158,179,206
image157.jpg,300,300,3dpstringing,221,165,262,203
image157.jpg,300,300,3dpstringing,259,128,299,160
image157.jpg,300,300,3dpstringing,43,96,83,115
image157.jpg,300,300,3dpstringing,54,1,96,20
image157.jpg,300,300,3dpstringing,202,14,253,42
image143.jpg,300,300,3dpunderextrusion,39,259,64,276
image143.jpg,300,300,3dpstringing,32,56,53,75
image143.jpg,300,300,3dpunderextrusion,5,278,34,299
image143.jpg,300,300,3dpstringing,161,217,185,229
image143.jpg,300,300,3dpstringing,47,148,79,172
image143.jpg,300,300,3dpstringing,84,156,117,188
image143.jpg,300,300,3dpstringing,80,99,101,111
image143.jpg,300,300,3dpstringing,118,98,147,109
image143.jpg,300,300,3dpstringing,194,82,221,95
image143.jpg,300,300,3dpstringing,218,64,248,76
image143.jpg,300,300,3dpstringing,89,12,118,21
image142.jpg,300,300,3dpunderextrusion,35,254,67,272
image142.jpg,300,300,3dpstringing,1,195,16,212
image142.jpg,300,300,3dpunderextrusion,2,267,27,291
image142.jpg,300,300,3dpstringing,221,229,241,241
image142.jpg,300,300,3dpstringing,75,19,86,32
image142.jpg,300,300,3dpstringing,52,54,78,65
image142.jpg,300,300,3dpstringing,102,99,119,112
image142.jpg,300,300,3dpstringing,116,180,145,189
image142.jpg,300,300,3dpstringing,103,154,126,167
image142.jpg,300,300,3dpstringing,142,142,158,156
image142.jpg,300,300,3dpstringing,137,104,164,109
image142.jpg,300,300,3dpstringing,195,127,221,145
image142.jpg,300,300,3dpstringing,211,95,239,112
image142.jpg,300,300,3dpstringing,174,95,199,110
image142.jpg,300,300,3dpstringing,235,57,275,71
image142.jpg,300,300,3dpstringing,263,10,299,23
image142.jpg,300,300,3dpstringing,121,16,148,27
image156.jpg,300,300,3dpunderextrusion,176,224,213,249
image156.jpg,300,300,3dpunderextrusion,238,216,273,238
image156.jpg,300,300,3dpstringing,46,218,81,230
image156.jpg,300,300,3dpstringing,106,208,154,229
image156.jpg,300,300,3dpstringing,186,180,236,213
image156.jpg,300,300,3dpstringing,261,182,298,201
image156.jpg,300,300,3dpstringing,222,142,271,172
image156.jpg,300,300,3dpstringing,203,123,215,134
image156.jpg,300,300,3dpstringing,3,146,32,158
image156.jpg,300,300,3dpstringing,3,47,37,67
image156.jpg,300,300,3dpstringing,144,42,192,62
image140.jpg,300,300,3dpunderextrusion,42,278,75,300
image140.jpg,300,300,3dpunderextrusion,1,214,27,248
image140.jpg,300,300,3dpstringing,66,172,92,188
image140.jpg,300,300,3dpstringing,36,213,79,234
image140.jpg,300,300,3dpstringing,103,192,133,217
image140.jpg,300,300,3dpstringing,152,173,179,184
image140.jpg,300,300,3dpstringing,81,152,120,165
image140.jpg,300,300,3dpstringing,91,46,101,64
image140.jpg,300,300,3dpstringing,101,122,138,140
image140.jpg,300,300,3dpstringing,224,133,252,148
image140.jpg,300,300,3dpstringing,265,97,288,109
image140.jpg,300,300,3dpstringing,282,50,299,59
image140.jpg,300,300,3dpstringing,142,46,161,58
image154.jpg,300,300,3dpunderextrusion,57,23,90,48
image154.jpg,300,300,3dpunderextrusion,269,35,300,64
image154.jpg,300,300,3dpunderextrusion,193,242,232,264
image154.jpg,300,300,3dpunderextrusion,144,206,185,223
image154.jpg,300,300,3dpunderextrusion,215,185,264,208
image154.jpg,300,300,3dpstringing,245,147,282,170
image154.jpg,300,300,3dpstringing,173,156,213,202
image154.jpg,300,300,3dpstringing,121,175,132,192
image154.jpg,300,300,3dpstringing,92,189,142,221
image154.jpg,300,300,3dpstringing,37,215,66,234
image154.jpg,300,300,3dpstringing,1,152,16,166
image154.jpg,300,300,3dpstringing,106,28,146,54
image154.jpg,300,300,3dpstringing,193,111,245,142
image154.jpg,300,300,3dpstringing,273,116,298,126
image155.jpg,300,300,3dpunderextrusion,24,25,69,55
image155.jpg,300,300,3dpunderextrusion,206,176,253,193
image155.jpg,300,300,3dpunderextrusion,197,231,238,258
image155.jpg,300,300,3dpstringing,35,221,65,238
image155.jpg,300,300,3dpstringing,87,190,133,219
image155.jpg,300,300,3dpstringing,157,151,206,179
image155.jpg,300,300,3dpstringing,184,98,231,131
image155.jpg,300,300,3dpstringing,149,93,169,107
image155.jpg,300,300,3dpstringing,79,24,123,47
image155.jpg,300,300,3dpstringing,256,25,279,45
image155.jpg,300,300,3dpstringing,259,93,298,109
image155.jpg,300,300,3dpstringing,236,131,270,152
image141.jpg,300,300,3dpunderextrusion,58,280,92,299
image141.jpg,300,300,3dpstringing,10,231,27,250
image141.jpg,300,300,3dpstringing,44,251,59,262
image141.jpg,300,300,3dpstringing,61,214,96,238
image141.jpg,300,300,3dpstringing,161,154,169,166
image141.jpg,300,300,3dpstringing,91,178,116,186
image141.jpg,300,300,3dpstringing,119,190,160,217
image141.jpg,300,300,3dpstringing,227,229,245,246
image141.jpg,300,300,3dpstringing,240,128,272,147
image141.jpg,300,300,3dpstringing,121,120,160,139
image141.jpg,300,300,3dpstringing,104,43,128,66
image141.jpg,300,300,3dpstringing,157,46,183,56
image145.jpg,300,300,3dpunderextrusion,102,122,134,159
image145.jpg,300,300,3dpunderextrusion,66,25,97,53
image145.jpg,300,300,3dpstringing,177,241,217,258
image145.jpg,300,300,3dpstringing,174,207,185,236
image145.jpg,300,300,3dpstringing,27,202,56,222
image145.jpg,300,300,3dpstringing,7,141,50,157
image145.jpg,300,300,3dpstringing,51,103,70,124
image145.jpg,300,300,3dpstringing,69,75,95,88
image145.jpg,300,300,3dpstringing,158,1,177,13
image145.jpg,300,300,3dpstringing,142,11,157,31
image145.jpg,300,300,3dpstringing,127,133,160,145
image145.jpg,300,300,3dpstringing,212,114,241,130
image145.jpg,300,300,3dpstringing,245,83,290,100
image151.jpg,300,300,3dpunderextrusion,217,222,254,249
image151.jpg,300,300,3dpstringing,31,223,66,241
image151.jpg,300,300,3dpstringing,163,189,215,230
image151.jpg,300,300,3dpstringing,84,199,134,236
image151.jpg,300,300,3dpstringing,240,188,288,207
image151.jpg,300,300,3dpstringing,276,162,299,181
image151.jpg,300,300,3dpstringing,197,151,254,175
image151.jpg,300,300,3dpstringing,1,53,33,78
image151.jpg,300,300,3dpstringing,116,49,165,75
image150.jpg,300,300,3dpunderextrusion,227,220,266,243
image150.jpg,300,300,3dpstringing,3,153,32,166
image150.jpg,300,300,3dpstringing,37,211,79,237
image150.jpg,300,300,3dpstringing,99,196,147,235
image150.jpg,300,300,3dpstringing,259,184,294,204
image150.jpg,300,300,3dpstringing,179,187,224,228
image150.jpg,300,300,3dpstringing,217,148,261,184
image150.jpg,300,300,3dpstringing,128,48,183,72
image150.jpg,300,300,3dpstringing,2,52,36,75
image144.jpg,300,300,3dpstringing,163,244,185,263
image144.jpg,300,300,3dpstringing,128,214,170,232
image144.jpg,300,300,3dpstringing,129,112,149,127
image144.jpg,300,300,3dpstringing,132,87,170,108
image144.jpg,300,300,3dpstringing,208,5,261,16
image144.jpg,300,300,3dpstringing,169,49,222,66
image152.jpg,300,300,3dpunderextrusion,240,15,276,42
image152.jpg,300,300,3dpunderextrusion,86,27,118,54
image152.jpg,300,300,3dpunderextrusion,198,259,228,278
image152.jpg,300,300,3dpunderextrusion,154,212,196,233
image152.jpg,300,300,3dpunderextrusion,230,207,262,226
image152.jpg,300,300,3dpstringing,256,174,294,190
image152.jpg,300,300,3dpstringing,183,178,228,205
image152.jpg,300,300,3dpstringing,32,209,76,231
image152.jpg,300,300,3dpstringing,128,182,141,194
image152.jpg,300,300,3dpstringing,102,193,145,225
image152.jpg,300,300,3dpstringing,2,142,29,157
image152.jpg,300,300,3dpstringing,4,47,29,70
image152.jpg,300,300,3dpstringing,289,143,300,154
image152.jpg,300,300,3dpstringing,210,132,260,159
image152.jpg,300,300,3dpstringing,134,36,186,60
image146.jpg,300,300,3dpstringing,83,144,106,163
image146.jpg,300,300,3dpstringing,1,234,22,246
image146.jpg,300,300,3dpstringing,229,231,242,245
image146.jpg,300,300,3dpstringing,235,137,260,149
image146.jpg,300,300,3dpstringing,158,151,190,163
image146.jpg,300,300,3dpstringing,171,121,193,134
image146.jpg,300,300,3dpstringing,132,109,153,122
image146.jpg,300,300,3dpstringing,90,107,118,122
image146.jpg,300,300,3dpstringing,46,86,71,109
image146.jpg,300,300,3dpstringing,97,13,117,27
image146.jpg,300,300,3dpstringing,177,18,206,30
image146.jpg,300,300,3dpstringing,242,46,291,58
image146.jpg,300,300,3dpstringing,195,85,248,100
image147.jpg,300,300,3dpstringing,202,243,253,262
image147.jpg,300,300,3dpstringing,204,212,215,236
image147.jpg,300,300,3dpstringing,117,77,148,102
image147.jpg,300,300,3dpstringing,162,103,188,112
image147.jpg,300,300,3dpstringing,69,123,113,137
image147.jpg,300,300,3dpstringing,26,168,71,186
image147.jpg,300,300,3dpstringing,153,144,183,157
image147.jpg,300,300,3dpstringing,236,118,267,136
image147.jpg,300,300,3dpstringing,266,82,300,98
image147.jpg,300,300,3dpstringing,82,91,109,104
image147.jpg,300,300,3dpstringing,106,3,139,22
image147.jpg,300,300,3dpstringing,155,11,191,41
image153.jpg,300,300,3dpunderextrusion,71,15,108,43
image153.jpg,300,300,3dpunderextrusion,195,239,224,261
image153.jpg,300,300,3dpunderextrusion,236,3,259,26
image153.jpg,300,300,3dpunderextrusion,149,199,183,215
image153.jpg,300,300,3dpunderextrusion,219,185,261,209
image153.jpg,300,300,3dpstringing,288,203,300,213
image153.jpg,300,300,3dpstringing,41,201,69,218
image153.jpg,300,300,3dpstringing,94,178,144,207
image153.jpg,300,300,3dpstringing,283,114,300,130
image153.jpg,300,300,3dpstringing,248,150,286,165
image153.jpg,300,300,3dpstringing,173,157,219,195
image153.jpg,300,300,3dpstringing,202,113,252,145
image153.jpg,300,300,3dpstringing,3,135,23,148
image153.jpg,300,300,3dpstringing,3,41,22,63
image153.jpg,300,300,3dpstringing,122,21,164,42
image162.jpg,300,300,3dpdot,270,155,300,193
image162.jpg,300,300,3dpdot,274,221,300,249
image162.jpg,300,300,3dpdot,208,231,238,257
image162.jpg,300,300,3dpdot,186,176,237,209
image162.jpg,300,300,3dpminus,233,57,286,81
image162.jpg,300,300,3dpminus,161,122,210,150
image162.jpg,300,300,3dpminus,104,190,159,214
image162.jpg,300,300,3dpminus,65,254,129,278
image162.jpg,300,300,3dpplus,1,150,65,226
image162.jpg,300,300,3dpplus,1,31,57,111
image162.jpg,300,300,3dpplus,87,39,158,110
image163.jpg,300,300,3dpdot,226,248,257,275
image163.jpg,300,300,3dpdot,214,197,252,231
image163.jpg,300,300,3dpminus,254,78,299,106
image163.jpg,300,300,3dpminus,183,141,226,170
image163.jpg,300,300,3dpminus,125,205,184,236
image163.jpg,300,300,3dpminus,86,277,152,300
image163.jpg,300,300,3dpplus,1,174,83,252
image163.jpg,300,300,3dpplus,1,56,83,136
image163.jpg,300,300,3dpplus,103,66,184,130
image161.jpg,300,300,3dpdot,279,155,300,173
image161.jpg,300,300,3dpdot,278,207,300,231
image161.jpg,300,300,3dpdot,204,211,247,238
image161.jpg,300,300,3dpdot,201,159,245,201
image161.jpg,300,300,3dpminus,238,42,291,68
image161.jpg,300,300,3dpminus,166,109,219,130
image161.jpg,300,300,3dpminus,111,171,171,196
image161.jpg,300,300,3dpminus,73,239,138,269
image161.jpg,300,300,3dpplus,1,136,69,204
image161.jpg,300,300,3dpplus,1,14,66,90
image161.jpg,300,300,3dpplus,86,28,173,95
image149.jpg,300,300,3dpstringing,195,6,250,30
image149.jpg,300,300,3dpstringing,55,9,91,28
image149.jpg,300,300,3dpstringing,247,87,268,97
image149.jpg,300,300,3dpstringing,59,104,95,119
image149.jpg,300,300,3dpstringing,84,166,136,188
image149.jpg,300,300,3dpstringing,159,156,202,188
image149.jpg,300,300,3dpstringing,233,141,270,168
image149.jpg,300,300,3dpstringing,271,106,300,130
image148.jpg,300,300,3dpstringing,65,177,118,202
image148.jpg,300,300,3dpstringing,139,179,187,205
image148.jpg,300,300,3dpstringing,219,171,261,205
image148.jpg,300,300,3dpstringing,262,126,298,158
image148.jpg,300,300,3dpstringing,201,23,244,48
image148.jpg,300,300,3dpstringing,58,11,92,32
image148.jpg,300,300,3dpstringing,44,108,77,124
image160.jpg,300,300,3dpunderextrusion,230,209,265,242
image160.jpg,300,300,3dpunderextrusion,182,244,220,277
image160.jpg,300,300,3dpunderextrusion,159,192,203,227
image160.jpg,300,300,3dpstringing,30,77,71,93
image160.jpg,300,300,3dpstringing,51,153,92,172
image160.jpg,300,300,3dpstringing,112,159,158,192
image160.jpg,300,300,3dpstringing,263,189,299,211
image160.jpg,300,300,3dpstringing,185,167,235,206
image160.jpg,300,300,3dpstringing,230,130,291,169
image160.jpg,300,300,3dpstringing,220,106,233,118
image160.jpg,300,300,3dpstringing,186,10,206,33
image158.jpg,300,300,3dpunderextrusion,198,250,228,283
image158.jpg,300,300,3dpunderextrusion,242,209,282,239
image158.jpg,300,300,3dpunderextrusion,171,198,212,232
image158.jpg,300,300,3dpstringing,276,189,299,203
image158.jpg,300,300,3dpstringing,62,165,96,186
image158.jpg,300,300,3dpstringing,123,162,167,202
image158.jpg,300,300,3dpstringing,202,170,236,207
image158.jpg,300,300,3dpstringing,240,134,298,173
image158.jpg,300,300,3dpstringing,31,91,68,103
image158.jpg,300,300,3dpstringing,44,4,92,13
image158.jpg,300,300,3dpstringing,196,20,242,43
image164.jpg,300,300,3dpdot,225,212,257,239
image164.jpg,300,300,3dpdot,208,166,255,193
image164.jpg,300,300,3dpminus,253,33,300,63
image164.jpg,300,300,3dpminus,179,104,227,129
image164.jpg,300,300,3dpminus,121,167,184,195
image164.jpg,300,300,3dpminus,85,235,144,262
image164.jpg,300,300,3dpplus,1,134,75,206
image164.jpg,300,300,3dpplus,1,8,77,80
image164.jpg,300,300,3dpplus,101,22,172,88
image165.jpg,300,300,3dpdot,229,225,266,256
image165.jpg,300,300,3dpdot,211,172,257,207
image165.jpg,300,300,3dpminus,257,36,298,64
image165.jpg,300,300,3dpminus,178,110,239,136
image165.jpg,300,300,3dpminus,115,177,190,218
image165.jpg,300,300,3dpminus,72,252,150,286
image165.jpg,300,300,3dpplus,2,135,77,212
image165.jpg,300,300,3dpplus,1,6,73,87
image165.jpg,300,300,3dpplus,89,23,172,88
image159.jpg,300,300,3dpunderextrusion,186,250,219,280
image159.jpg,300,300,3dpunderextrusion,230,207,273,242
image159.jpg,300,300,3dpunderextrusion,157,194,199,230
image159.jpg,300,300,3dpstringing,263,185,298,207
image159.jpg,300,300,3dpstringing,48,160,89,176
image159.jpg,300,300,3dpstringing,109,164,159,191
image159.jpg,300,300,3dpstringing,27,84,61,99
image159.jpg,300,300,3dpstringing,184,15,226,36
image159.jpg,300,300,3dpstringing,228,130,282,161
image167.jpg,300,300,3dpdot,260,159,300,195
image167.jpg,300,300,3dpdot,257,217,295,248
image167.jpg,300,300,3dpdot,186,224,229,251
image167.jpg,300,300,3dpdot,176,179,222,207
image167.jpg,300,300,3dpminus,218,58,269,90
image167.jpg,300,300,3dpminus,148,118,192,147
image167.jpg,300,300,3dpminus,87,175,152,210
image167.jpg,300,300,3dpminus,52,234,119,280
image167.jpg,300,300,3dpplus,1,145,51,209
image167.jpg,300,300,3dpplus,70,40,136,112
image167.jpg,300,300,3dpplus,2,32,46,94
image166.jpg,300,300,3dpdot,191,218,230,243
image166.jpg,300,300,3dpdot,264,205,294,236
image166.jpg,300,300,3dpdot,262,150,294,186
image166.jpg,300,300,3dpdot,185,172,220,202
image166.jpg,300,300,3dpminus,220,50,269,82
image166.jpg,300,300,3dpminus,150,110,202,140
image166.jpg,300,300,3dpminus,99,176,155,207
image166.jpg,300,300,3dpminus,60,237,121,275
image166.jpg,300,300,3dpplus,2,138,50,203
image166.jpg,300,300,3dpplus,1,23,55,102
image166.jpg,300,300,3dpplus,79,39,145,95
image115.jpg,300,300,3dpunderextrusion,266,171,300,208
image115.jpg,300,300,3dpunderextrusion,93,193,138,227
image115.jpg,300,300,3dpunderextrusion,56,251,106,294
image115.jpg,300,300,3dpstringing,230,268,256,285
image115.jpg,300,300,3dpstringing,241,202,290,241
image115.jpg,300,300,3dpstringing,149,214,201,239
image115.jpg,300,300,3dpstringing,94,227,120,251
image115.jpg,300,300,3dpstringing,1,227,46,250
image115.jpg,300,300,3dpstringing,100,154,159,193
image115.jpg,300,300,3dpstringing,191,154,224,183
image115.jpg,300,300,3dpstringing,271,110,298,170
image115.jpg,300,300,3dpstringing,141,114,158,127
image115.jpg,300,300,3dpstringing,104,67,135,83
image115.jpg,300,300,3dpstringing,216,76,271,112
image115.jpg,300,300,3dpstringing,226,2,245,18
image101.jpg,300,300,3dpunderextrusion,215,84,262,137
image101.jpg,300,300,3dpunderextrusion,12,209,76,253
image101.jpg,300,300,3dpunderextrusion,64,176,109,207
image101.jpg,300,300,3dpunderextrusion,104,126,140,150
image101.jpg,300,300,3dpstringing,2,155,45,181
image101.jpg,300,300,3dpstringing,66,139,118,171
image101.jpg,300,300,3dpstringing,117,198,150,227
image101.jpg,300,300,3dpstringing,137,155,179,179
image101.jpg,300,300,3dpstringing,261,79,286,95
image101.jpg,300,300,3dpstringing,173,94,210,136
image101.jpg,300,300,3dpstringing,97,99,152,123
image101.jpg,300,300,3dpstringing,51,98,82,118
image101.jpg,300,300,3dpstringing,4,38,38,71
image101.jpg,300,300,3dpstringing,65,44,109,82
image101.jpg,300,300,3dpstringing,134,59,188,83
image101.jpg,300,300,3dpstringing,212,39,251,79
image101.jpg,300,300,3dpstringing,191,6,225,36
image101.jpg,300,300,3dpstringing,235,1,292,19
image129.jpg,300,300,3dpunderextrusion,81,60,136,95
image129.jpg,300,300,3dpunderextrusion,141,229,201,256
image129.jpg,300,300,3dpunderextrusion,205,171,233,218
image129.jpg,300,300,3dpunderextrusion,204,95,257,125
image129.jpg,300,300,3dpunderextrusion,116,100,157,129
image129.jpg,300,300,3dpstringing,126,272,161,292
image129.jpg,300,300,3dpstringing,115,251,138,265
image129.jpg,300,300,3dpstringing,160,250,177,270
image129.jpg,300,300,3dpstringing,207,233,253,263
image129.jpg,300,300,3dpstringing,282,233,293,251
image129.jpg,300,300,3dpstringing,237,161,290,212
image129.jpg,300,300,3dpstringing,149,177,205,224
image129.jpg,300,300,3dpstringing,72,198,122,234
image129.jpg,300,300,3dpstringing,123,171,140,179
image129.jpg,300,300,3dpstringing,192,135,247,155
image129.jpg,300,300,3dpstringing,276,106,300,145
image129.jpg,300,300,3dpstringing,142,80,192,103
image129.jpg,300,300,3dpstringing,24,38,59,53
image129.jpg,300,300,3dpstringing,91,21,150,50
image129.jpg,300,300,3dpstringing,238,45,262,60
image129.jpg,300,300,3dpstringing,175,19,236,33
image129.jpg,300,300,3dpstringing,183,5,220,16
image128.jpg,300,300,3dpunderextrusion,64,59,115,111
image128.jpg,300,300,3dpunderextrusion,4,13,58,41
image128.jpg,300,300,3dpunderextrusion,269,153,300,209
image128.jpg,300,300,3dpunderextrusion,182,171,205,219
image128.jpg,300,300,3dpunderextrusion,123,230,188,260
image128.jpg,300,300,3dpstringing,273,220,295,240
image128.jpg,300,300,3dpstringing,115,258,146,278
image128.jpg,300,300,3dpstringing,207,169,270,213
image128.jpg,300,300,3dpstringing,125,173,181,227
image128.jpg,300,300,3dpstringing,60,221,91,242
image128.jpg,300,300,3dpstringing,45,195,99,211
image128.jpg,300,300,3dpstringing,6,143,44,157
image128.jpg,300,300,3dpstringing,175,135,211,154
image128.jpg,300,300,3dpstringing,256,97,299,129
image128.jpg,300,300,3dpstringing,208,45,239,58
image128.jpg,300,300,3dpstringing,112,78,170,105
image128.jpg,300,300,3dpstringing,4,38,41,53
image128.jpg,300,300,3dpstringing,62,27,132,47
image128.jpg,300,300,3dpstringing,147,19,213,34
image128.jpg,300,300,3dpstringing,156,5,204,15
image100.jpg,300,300,3dpunderextrusion,80,173,124,213
image100.jpg,300,300,3dpunderextrusion,3,169,37,206
image100.jpg,300,300,3dpunderextrusion,177,75,216,115
image100.jpg,300,300,3dpunderextrusion,37,112,85,142
image100.jpg,300,300,3dpstringing,196,127,211,166
image100.jpg,300,300,3dpstringing,75,28,139,53
image100.jpg,300,300,3dpstringing,1,12,50,53
image100.jpg,300,300,3dpstringing,3,122,41,153
image100.jpg,300,300,3dpstringing,39,172,74,217
image100.jpg,300,300,3dpstringing,95,126,128,154
image100.jpg,300,300,3dpunderextrusion,131,120,169,151
image100.jpg,300,300,3dpstringing,125,75,148,120
image100.jpg,300,300,3dpstringing,219,102,254,120
image100.jpg,300,300,3dpstringing,228,61,265,84
image100.jpg,300,300,3dpstringing,167,13,218,51
image114.jpg,300,300,3dpunderextrusion,164,44,207,70
image114.jpg,300,300,3dpunderextrusion,138,222,186,255
image114.jpg,300,300,3dpunderextrusion,269,147,300,194
image114.jpg,300,300,3dpunderextrusion,88,168,133,201
image114.jpg,300,300,3dpunderextrusion,52,227,94,262
image114.jpg,300,300,3dpstringing,34,24,51,40
image114.jpg,300,300,3dpstringing,281,237,299,258
image114.jpg,300,300,3dpstringing,214,246,247,272
image114.jpg,300,300,3dpstringing,4,199,43,229
image114.jpg,300,300,3dpstringing,102,45,122,53
image114.jpg,300,300,3dpstringing,96,128,154,162
image114.jpg,300,300,3dpstringing,162,189,198,218
image114.jpg,300,300,3dpstringing,250,205,268,217
image114.jpg,300,300,3dpstringing,265,173,288,198
image114.jpg,300,300,3dpstringing,242,154,266,173
image114.jpg,300,300,3dpstringing,203,125,237,144
image114.jpg,300,300,3dpstringing,268,118,299,141
image114.jpg,300,300,3dpstringing,271,93,299,117
image114.jpg,300,300,3dpstringing,221,46,263,82
image102.jpg,300,300,3dpunderextrusion,263,135,298,184
image102.jpg,300,300,3dpunderextrusion,182,136,219,161
image102.jpg,300,300,3dpunderextrusion,91,223,160,267
image102.jpg,300,300,3dpstringing,106,203,158,241
image102.jpg,300,300,3dpstringing,75,156,116,188
image102.jpg,300,300,3dpstringing,196,200,235,232
image102.jpg,300,300,3dpstringing,226,140,262,186
image102.jpg,300,300,3dpstringing,144,149,188,189
image102.jpg,300,300,3dpstringing,251,94,282,134
image102.jpg,300,300,3dpstringing,200,60,250,79
image102.jpg,300,300,3dpstringing,60,58,109,94
image102.jpg,300,300,3dpstringing,128,47,182,81
image102.jpg,300,300,3dpstringing,94,3,139,29
image102.jpg,300,300,3dpstringing,163,2,203,27
image102.jpg,300,300,3dpstringing,274,35,299,60
image102.jpg,300,300,3dpstringing,257,9,288,29
image116.jpg,300,300,3dpunderextrusion,127,79,158,97
image116.jpg,300,300,3dpunderextrusion,21,79,56,96
image116.jpg,300,300,3dpunderextrusion,239,224,278,252
image116.jpg,300,300,3dpunderextrusion,233,184,265,211
image116.jpg,300,300,3dpunderextrusion,244,96,296,131
image116.jpg,300,300,3dpunderextrusion,17,260,62,298
image116.jpg,300,300,3dpunderextrusion,42,196,111,237
image116.jpg,300,300,3dpstringing,113,285,129,295
image116.jpg,300,300,3dpstringing,123,222,163,251
image116.jpg,300,300,3dpstringing,197,226,215,242
image116.jpg,300,300,3dpstringing,201,195,233,214
image116.jpg,300,300,3dpstringing,288,158,299,179
image116.jpg,300,300,3dpstringing,271,208,299,237
image116.jpg,300,300,3dpstringing,231,133,285,175
image116.jpg,300,300,3dpstringing,156,160,198,185
image116.jpg,300,300,3dpstringing,55,162,119,187
image116.jpg,300,300,3dpstringing,91,55,105,66
image116.jpg,300,300,3dpstringing,181,79,235,124
image116.jpg,300,300,3dpstringing,224,35,272,48
image116.jpg,300,300,3dpstringing,231,5,255,25
image116.jpg,300,300,3dpstringing,189,1,207,16
image116.jpg,300,300,3dpstringing,265,253,293,273
image117.jpg,300,300,3dpunderextrusion,262,202,298,233
image117.jpg,300,300,3dpunderextrusion,249,168,290,197
image117.jpg,300,300,3dpunderextrusion,255,76,296,113
image117.jpg,300,300,3dpunderextrusion,24,253,69,283
image117.jpg,300,300,3dpunderextrusion,62,190,106,219
image117.jpg,300,300,3dpstringing,1,225,18,237
image117.jpg,300,300,3dpstringing,62,149,127,172
image117.jpg,300,300,3dpstringing,89,179,105,190
image117.jpg,300,300,3dpstringing,44,233,82,256
image117.jpg,300,300,3dpstringing,177,270,195,287
image117.jpg,300,300,3dpstringing,113,270,144,292
image117.jpg,300,300,3dpstringing,139,224,163,245
image117.jpg,300,300,3dpstringing,160,199,180,218
image117.jpg,300,300,3dpstringing,207,178,243,195
image117.jpg,300,300,3dpstringing,227,204,270,235
image117.jpg,300,300,3dpstringing,266,249,298,278
image117.jpg,300,300,3dpstringing,170,144,213,177
image117.jpg,300,300,3dpstringing,248,110,291,136
image117.jpg,300,300,3dpstringing,115,105,147,115
image117.jpg,300,300,3dpstringing,167,50,184,63
image117.jpg,300,300,3dpstringing,191,57,248,99
image117.jpg,300,300,3dpstringing,243,13,291,48
image103.jpg,300,300,3dpunderextrusion,121,169,163,189
image103.jpg,300,300,3dpunderextrusion,44,144,82,163
image103.jpg,300,300,3dpunderextrusion,78,212,126,237
image103.jpg,300,300,3dpunderextrusion,197,165,226,197
image103.jpg,300,300,3dpunderextrusion,245,122,285,171
image103.jpg,300,300,3dpstringing,148,184,206,202
image103.jpg,300,300,3dpstringing,88,178,134,212
image103.jpg,300,300,3dpstringing,37,177,62,202
image103.jpg,300,300,3dpstringing,52,116,97,151
image103.jpg,300,300,3dpstringing,120,119,179,166
image103.jpg,300,300,3dpstringing,198,127,251,156
image103.jpg,300,300,3dpstringing,236,85,275,124
image103.jpg,300,300,3dpstringing,251,70,288,81
image103.jpg,300,300,3dpstringing,157,82,217,109
image103.jpg,300,300,3dpstringing,80,77,141,103
image103.jpg,300,300,3dpstringing,56,17,103,54
image103.jpg,300,300,3dpstringing,129,19,172,64
image103.jpg,300,300,3dpstringing,204,43,256,68
image103.jpg,300,300,3dpstringing,280,29,298,65
image107.jpg,300,300,3dpunderextrusion,87,59,122,90
image107.jpg,300,300,3dpunderextrusion,74,151,105,176
image107.jpg,300,300,3dpunderextrusion,83,264,124,291
image107.jpg,300,300,3dpunderextrusion,244,245,299,289
image107.jpg,300,300,3dpunderextrusion,260,160,300,221
image107.jpg,300,300,3dpunderextrusion,261,72,293,123
image107.jpg,300,300,3dpunderextrusion,167,59,209,86
image107.jpg,300,300,3dpstringing,246,217,289,244
image107.jpg,300,300,3dpstringing,162,280,181,298
image107.jpg,300,300,3dpstringing,4,284,40,299
image107.jpg,300,300,3dpstringing,72,212,86,223
image107.jpg,300,300,3dpstringing,52,237,68,255
image107.jpg,300,300,3dpstringing,92,234,147,257
image107.jpg,300,300,3dpstringing,173,236,220,261
image107.jpg,300,300,3dpstringing,206,175,261,198
image107.jpg,300,300,3dpstringing,42,128,61,152
image107.jpg,300,300,3dpstringing,167,74,181,93
image107.jpg,300,300,3dpstringing,216,73,260,90
image113.jpg,300,300,3dpunderextrusion,12,220,48,242
image113.jpg,300,300,3dpunderextrusion,63,90,93,114
image113.jpg,300,300,3dpunderextrusion,268,236,298,261
image113.jpg,300,300,3dpunderextrusion,260,194,297,231
image113.jpg,300,300,3dpunderextrusion,54,271,93,300
image113.jpg,300,300,3dpunderextrusion,82,212,126,244
image113.jpg,300,300,3dpstringing,5,241,37,265
image113.jpg,300,300,3dpstringing,288,259,298,271
image113.jpg,300,300,3dpstringing,245,215,281,248
image113.jpg,300,300,3dpstringing,144,235,195,259
image113.jpg,300,300,3dpstringing,92,170,145,198
image113.jpg,300,300,3dpstringing,259,139,299,166
image113.jpg,300,300,3dpstringing,212,95,266,136
image113.jpg,300,300,3dpstringing,252,51,297,68
image113.jpg,300,300,3dpstringing,213,8,246,30
image113.jpg,300,300,3dpstringing,148,3,182,21
image93.jpg,300,300,3dpunderextrusion,42,208,83,243
image93.jpg,300,300,3dpunderextrusion,206,211,244,244
image93.jpg,300,300,3dpunderextrusion,249,176,284,216
image93.jpg,300,300,3dpunderextrusion,82,256,124,284
image93.jpg,300,300,3dpstringing,51,268,95,299
image93.jpg,300,300,3dpstringing,129,272,178,297
image93.jpg,300,300,3dpstringing,125,167,181,197
image93.jpg,300,300,3dpstringing,48,186,75,197
image93.jpg,300,300,3dpstringing,5,254,48,267
image93.jpg,300,300,3dpstringing,90,227,140,265
image93.jpg,300,300,3dpstringing,163,224,213,261
image93.jpg,300,300,3dpstringing,199,164,252,209
image93.jpg,300,300,3dpstringing,235,122,294,158
image93.jpg,300,300,3dpstringing,155,132,207,162
image93.jpg,300,300,3dpstringing,84,122,132,155
image93.jpg,300,300,3dpstringing,36,121,61,152
image93.jpg,300,300,3dpstringing,273,69,300,97
image93.jpg,300,300,3dpstringing,235,82,255,102
image93.jpg,300,300,3dpstringing,115,69,174,103
image93.jpg,300,300,3dpstringing,47,63,95,103
image87.jpg,300,300,3dpunderextrusion,21,88,74,145
image87.jpg,300,300,3dpunderextrusion,63,245,122,297
image87.jpg,300,300,3dpstringing,190,136,250,185
image87.jpg,300,300,3dpstringing,102,164,153,194
image87.jpg,300,300,3dpstringing,125,253,174,294
image87.jpg,300,300,3dpstringing,197,256,252,299
image87.jpg,300,300,3dpstringing,236,185,297,238
image87.jpg,300,300,3dpstringing,152,191,218,247
image87.jpg,300,300,3dpstringing,71,199,131,249
image87.jpg,300,300,3dpstringing,4,211,45,257
image87.jpg,300,300,3dpstringing,144,97,207,115
image87.jpg,300,300,3dpstringing,233,86,260,125
image87.jpg,300,300,3dpstringing,186,24,249,72
image87.jpg,300,300,3dpstringing,90,35,162,65
image92.jpg,300,300,3dpunderextrusion,189,266,230,291
image92.jpg,300,300,3dpunderextrusion,13,221,60,282
image92.jpg,300,300,3dpunderextrusion,256,57,296,109
image92.jpg,300,300,3dpunderextrusion,240,172,273,192
image92.jpg,300,300,3dpunderextrusion,158,197,195,235
image92.jpg,300,300,3dpstringing,125,228,183,275
image92.jpg,300,300,3dpstringing,215,225,258,242
image92.jpg,300,300,3dpstringing,226,250,262,274
image92.jpg,300,300,3dpstringing,175,164,234,205
image92.jpg,300,300,3dpstringing,83,161,148,219
image92.jpg,300,300,3dpstringing,48,224,108,272
image92.jpg,300,300,3dpstringing,6,168,47,215
image92.jpg,300,300,3dpstringing,44,125,87,164
image92.jpg,300,300,3dpstringing,214,68,242,90
image92.jpg,300,300,3dpstringing,176,53,205,93
image92.jpg,300,300,3dpstringing,216,98,241,125
image92.jpg,300,300,3dpstringing,131,98,196,160
image92.jpg,300,300,3dpstringing,233,18,259,41
image92.jpg,300,300,3dpstringing,137,3,190,35
image92.jpg,300,300,3dpstringing,43,3,100,24
image112.jpg,300,300,3dpunderextrusion,84,10,119,37
image112.jpg,300,300,3dpunderextrusion,136,264,175,297
image112.jpg,300,300,3dpunderextrusion,57,271,105,297
image112.jpg,300,300,3dpunderextrusion,263,110,299,156
image112.jpg,300,300,3dpunderextrusion,255,202,295,227
image112.jpg,300,300,3dpunderextrusion,275,237,300,268
image112.jpg,300,300,3dpunderextrusion,90,215,141,250
image112.jpg,300,300,3dpstringing,10,245,54,268
image112.jpg,300,300,3dpstringing,91,244,124,277
image112.jpg,300,300,3dpstringing,164,230,197,266
image112.jpg,300,300,3dpstringing,242,222,272,256
image112.jpg,300,300,3dpstringing,264,161,297,179
image112.jpg,300,300,3dpstringing,186,193,220,211
image112.jpg,300,300,3dpstringing,103,184,156,223
image112.jpg,300,300,3dpstringing,214,110,260,149
image112.jpg,300,300,3dpstringing,266,94,291,106
image112.jpg,300,300,3dpstringing,263,51,281,71
image112.jpg,300,300,3dpstringing,45,86,61,128
image112.jpg,300,300,3dpstringing,70,53,99,65
image112.jpg,300,300,3dpstringing,167,16,183,54
image112.jpg,300,300,3dpstringing,214,12,259,59
image106.jpg,300,300,3dpunderextrusion,185,71,210,89
image106.jpg,300,300,3dpunderextrusion,82,265,128,295
image106.jpg,300,300,3dpunderextrusion,77,154,110,179
image106.jpg,300,300,3dpunderextrusion,90,62,120,88
image106.jpg,300,300,3dpunderextrusion,266,68,296,97
image106.jpg,300,300,3dpunderextrusion,264,96,291,120
image106.jpg,300,300,3dpunderextrusion,266,159,290,186
image106.jpg,300,300,3dpunderextrusion,258,200,296,221
image106.jpg,300,300,3dpunderextrusion,243,259,297,294
image106.jpg,300,300,3dpstringing,4,285,38,299
image106.jpg,300,300,3dpstringing,96,234,148,257
image106.jpg,300,300,3dpstringing,185,237,220,261
image106.jpg,300,300,3dpstringing,210,166,262,209
image106.jpg,300,300,3dpstringing,40,127,60,169
image106.jpg,300,300,3dpstringing,143,63,181,84
image106.jpg,300,300,3dpstringing,214,68,275,87
image138.jpg,300,300,3dpstringing,20,141,32,148
image138.jpg,300,300,3dpstringing,20,218,53,232
image138.jpg,300,300,3dpstringing,131,176,155,191
image138.jpg,300,300,3dpstringing,132,136,150,144
image138.jpg,300,300,3dpstringing,79,122,91,133
image138.jpg,300,300,3dpstringing,66,48,79,63
image138.jpg,300,300,3dpstringing,112,48,134,58
image138.jpg,300,300,3dpstringing,202,132,231,147
image138.jpg,300,300,3dpstringing,227,90,266,111
image138.jpg,300,300,3dpstringing,257,46,298,61
image110.jpg,300,300,3dpunderextrusion,4,221,37,246
image110.jpg,300,300,3dpunderextrusion,46,98,77,127
image110.jpg,300,300,3dpunderextrusion,267,161,300,209
image110.jpg,300,300,3dpunderextrusion,34,268,71,297
image110.jpg,300,300,3dpunderextrusion,112,263,150,295
image110.jpg,300,300,3dpunderextrusion,69,216,111,246
image110.jpg,300,300,3dpunderextrusion,232,201,281,257
image110.jpg,300,300,3dpunderextrusion,62,10,89,41
image110.jpg,300,300,3dpstringing,247,260,286,278
image110.jpg,300,300,3dpstringing,276,202,299,219
image110.jpg,300,300,3dpstringing,221,220,248,250
image110.jpg,300,300,3dpstringing,125,233,171,260
image110.jpg,300,300,3dpstringing,2,243,27,271
image110.jpg,300,300,3dpstringing,77,182,130,206
image110.jpg,300,300,3dpstringing,164,179,205,210
image110.jpg,300,300,3dpstringing,230,151,274,180
image110.jpg,300,300,3dpstringing,189,113,232,142
image110.jpg,300,300,3dpstringing,236,49,257,64
image110.jpg,300,300,3dpstringing,19,83,37,119
image110.jpg,300,300,3dpstringing,194,12,233,52
image110.jpg,300,300,3dpstringing,135,15,159,44
image104.jpg,300,300,3dpunderextrusion,157,132,200,162
image104.jpg,300,300,3dpunderextrusion,240,132,284,189
image104.jpg,300,300,3dpunderextrusion,190,182,233,216
image104.jpg,300,300,3dpstringing,135,281,167,291
image104.jpg,300,300,3dpstringing,81,197,136,238
image104.jpg,300,300,3dpstringing,165,198,213,227
image104.jpg,300,300,3dpstringing,194,149,250,187
image104.jpg,300,300,3dpstringing,118,149,170,188
image104.jpg,300,300,3dpstringing,46,156,95,192
image104.jpg,300,300,3dpstringing,230,81,285,134
image104.jpg,300,300,3dpstringing,172,89,209,116
image104.jpg,300,300,3dpstringing,79,108,129,130
image104.jpg,300,300,3dpstringing,267,32,299,74
image104.jpg,300,300,3dpstringing,185,54,242,76
image104.jpg,300,300,3dpstringing,107,46,165,73
image104.jpg,300,300,3dpstringing,42,48,89,74
image104.jpg,300,300,3dpstringing,236,7,278,28
image104.jpg,300,300,3dpstringing,149,12,187,22
image104.jpg,300,300,3dpstringing,88,2,123,19
image84.jpg,300,300,3dpunderextrusion,157,88,190,140
image84.jpg,300,300,3dpunderextrusion,51,77,95,112
image84.jpg,300,300,3dpunderextrusion,56,193,107,231
image84.jpg,300,300,3dpunderextrusion,75,237,118,276
image84.jpg,300,300,3dpunderextrusion,5,246,58,291
image84.jpg,300,300,3dpunderextrusion,220,177,267,225
image84.jpg,300,300,3dpstringing,253,255,293,297
image84.jpg,300,300,3dpstringing,64,284,119,299
image84.jpg,300,300,3dpstringing,54,157,126,190
image84.jpg,300,300,3dpstringing,29,128,65,150
image84.jpg,300,300,3dpstringing,1,159,37,197
image84.jpg,300,300,3dpstringing,15,205,66,258
image84.jpg,300,300,3dpstringing,126,223,175,251
image84.jpg,300,300,3dpstringing,189,221,228,256
image84.jpg,300,300,3dpstringing,139,141,219,208
image84.jpg,300,300,3dpstringing,238,140,297,188
image84.jpg,300,300,3dpstringing,200,92,255,142
image84.jpg,300,300,3dpstringing,248,45,262,76
image84.jpg,300,300,3dpstringing,152,49,209,62
image105.jpg,300,300,3dpunderextrusion,204,183,237,209
image105.jpg,300,300,3dpunderextrusion,167,127,216,161
image105.jpg,300,300,3dpunderextrusion,101,239,133,263
image105.jpg,300,300,3dpstringing,181,204,222,228
image105.jpg,300,300,3dpstringing,94,194,148,232
image105.jpg,300,300,3dpstringing,200,148,258,181
image105.jpg,300,300,3dpstringing,61,146,107,187
image105.jpg,300,300,3dpstringing,134,144,174,181
image105.jpg,300,300,3dpstringing,237,81,296,132
image105.jpg,300,300,3dpstringing,87,106,144,123
image105.jpg,300,300,3dpstringing,275,38,300,75
image105.jpg,300,300,3dpstringing,196,55,254,74
image105.jpg,300,300,3dpstringing,121,45,176,75
image105.jpg,300,300,3dpstringing,55,43,100,79
image105.jpg,300,300,3dpstringing,255,4,296,34
image105.jpg,300,300,3dpstringing,160,12,204,25
image105.jpg,300,300,3dpstringing,91,3,136,37
image111.jpg,300,300,3dpunderextrusion,102,9,131,41
image111.jpg,300,300,3dpunderextrusion,93,105,125,126
image111.jpg,300,300,3dpunderextrusion,269,197,300,251
image111.jpg,300,300,3dpunderextrusion,106,217,151,247
image111.jpg,300,300,3dpunderextrusion,77,268,112,298
image111.jpg,300,300,3dpstringing,22,242,66,272
image111.jpg,300,300,3dpstringing,103,241,135,276
image111.jpg,300,300,3dpstringing,162,234,211,261
image111.jpg,300,300,3dpstringing,247,217,284,254
image111.jpg,300,300,3dpstringing,202,188,242,203
image111.jpg,300,300,3dpstringing,115,181,170,205
image111.jpg,300,300,3dpstringing,80,53,105,64
image111.jpg,300,300,3dpstringing,56,86,76,124
image111.jpg,300,300,3dpstringing,176,141,187,156
image111.jpg,300,300,3dpstringing,230,113,269,149
image111.jpg,300,300,3dpstringing,282,93,297,103
image111.jpg,300,300,3dpstringing,278,51,296,64
image111.jpg,300,300,3dpstringing,231,9,266,53
image111.jpg,300,300,3dpstringing,165,12,200,41
image139.jpg,300,300,3dpunderextrusion,42,282,67,298
image139.jpg,300,300,3dpunderextrusion,1,211,17,249
image139.jpg,300,300,3dpstringing,29,138,44,149
image139.jpg,300,300,3dpstringing,20,211,73,234
image139.jpg,300,300,3dpstringing,96,213,122,221
image139.jpg,300,300,3dpstringing,211,127,252,153
image139.jpg,300,300,3dpstringing,241,94,279,113
image139.jpg,300,300,3dpstringing,79,45,91,63
image139.jpg,300,300,3dpstringing,276,49,300,61
image139.jpg,300,300,3dpstringing,131,45,154,58
